Workbook
Name SemesterName: Settings!$B$4
Name SemesterStart: Settings!$B$5
Name SemesterEnd: Settings!$B$6
Name RequiredHours: Settings!$B$7
Name PhotoObject: Settings!$B$8

Sheet Start here
A1: Outreach Tracker — Team 7419
A2: The spreadsheet version of the tracker. Everything counts toward the semester in Settings.
A4: How it works
A5: 1. Members sign up once on the Sign up sheet (or a lead adds them straight into Members).
A6: 2. Each outreach shift goes on the Sessions sheet: date, member email, event, clock in, clock out, and links to the two photos.
A7: 3. A lead sets Status to Approved (and can override the hours) or Sent back with a note.
A8: 4. Members shows approved hours, hours waiting on review, and a progress bar against the required hours.
A10: Scripts
A11: Excel on the web / Microsoft 365: Automate → New Script → paste OutreachTracker.ts → save. Add a button on the Sign up and Log hours sheets that runs it.
A12: Desktop Excel: import OutreachTracker.bas (Developer → Visual Basic → File → Import) and save the workbook as .xlsm. Macros: SignUp, LogSession, RunForms, ApproveSelected, SendBackSelected, ShowProgress.
A14: From the web app
A15: Leads can download all sessions as a .csv from the Members tab. Its columns line up with the Sessions sheet, so you can paste the rows straight in.

Sheet Dashboard
A1: Outreach Tracker
A2: =SemesterName
A3: Run the script or open Members for the live numbers.
A5: =COUNTA(Members!B2:B301) | B5: =COUNTIF(Members!H:H,"Done") | C5: =SUM(Members!E2:E301) | D5: =COUNTIF(Sessions!G:G,"Waiting") | E5: =SUM(Members!I2:I301)
A6: MEMBERS | B6: DONE | C6: HOURS APPROVED | D6: SESSIONS WAITING | E6: HOURS STILL OWED
A8: Progress by member
A9: Member | B9: Approved | C9: Progress | D9: Status | E9: To go
A10: =IF(Members!B2="","",Members!A2) | B10: =IF(Members!B2="","",Members!E2) | C10: =IF(Members!B2="","",REPT("█",ROUND(Members!G2*20,0))&REPT("░",20-ROUND(Members!G2*20,0))) | D10: =IF(Members!B2="","",Members!H2) | E10: =IF(Members!B2="","",Members!I2)
A11: =IF(Members!B3="","",Members!A3) | B11: =IF(Members!B3="","",Members!E3) | C11: =IF(Members!B3="","",REPT("█",ROUND(Members!G3*20,0))&REPT("░",20-ROUND(Members!G3*20,0))) | D11: =IF(Members!B3="","",Members!H3) | E11: =IF(Members!B3="","",Members!I3)
A12: =IF(Members!B4="","",Members!A4) | B12: =IF(Members!B4="","",Members!E4) | C12: =IF(Members!B4="","",REPT("█",ROUND(Members!G4*20,0))&REPT("░",20-ROUND(Members!G4*20,0))) | D12: =IF(Members!B4="","",Members!H4) | E12: =IF(Members!B4="","",Members!I4)
A13: =IF(Members!B5="","",Members!A5) | B13: =IF(Members!B5="","",Members!E5) | C13: =IF(Members!B5="","",REPT("█",ROUND(Members!G5*20,0))&REPT("░",20-ROUND(Members!G5*20,0))) | D13: =IF(Members!B5="","",Members!H5) | E13: =IF(Members!B5="","",Members!I5)
A14: =IF(Members!B6="","",Members!A6) | B14: =IF(Members!B6="","",Members!E6) | C14: =IF(Members!B6="","",REPT("█",ROUND(Members!G6*20,0))&REPT("░",20-ROUND(Members!G6*20,0))) | D14: =IF(Members!B6="","",Members!H6) | E14: =IF(Members!B6="","",Members!I6)
A15: =IF(Members!B7="","",Members!A7) | B15: =IF(Members!B7="","",Members!E7) | C15: =IF(Members!B7="","",REPT("█",ROUND(Members!G7*20,0))&REPT("░",20-ROUND(Members!G7*20,0))) | D15: =IF(Members!B7="","",Members!H7) | E15: =IF(Members!B7="","",Members!I7)
A16: =IF(Members!B8="","",Members!A8) | B16: =IF(Members!B8="","",Members!E8) | C16: =IF(Members!B8="","",REPT("█",ROUND(Members!G8*20,0))&REPT("░",20-ROUND(Members!G8*20,0))) | D16: =IF(Members!B8="","",Members!H8) | E16: =IF(Members!B8="","",Members!I8)
A17: =IF(Members!B9="","",Members!A9) | B17: =IF(Members!B9="","",Members!E9) | C17: =IF(Members!B9="","",REPT("█",ROUND(Members!G9*20,0))&REPT("░",20-ROUND(Members!G9*20,0))) | D17: =IF(Members!B9="","",Members!H9) | E17: =IF(Members!B9="","",Members!I9)
A18: =IF(Members!B10="","",Members!A10) | B18: =IF(Members!B10="","",Members!E10) | C18: =IF(Members!B10="","",REPT("█",ROUND(Members!G10*20,0))&REPT("░",20-ROUND(Members!G10*20,0))) | D18: =IF(Members!B10="","",Members!H10) | E18: =IF(Members!B10="","",Members!I10)
A19: =IF(Members!B11="","",Members!A11) | B19: =IF(Members!B11="","",Members!E11) | C19: =IF(Members!B11="","",REPT("█",ROUND(Members!G11*20,0))&REPT("░",20-ROUND(Members!G11*20,0))) | D19: =IF(Members!B11="","",Members!H11) | E19: =IF(Members!B11="","",Members!I11)
A20: =IF(Members!B12="","",Members!A12) | B20: =IF(Members!B12="","",Members!E12) | C20: =IF(Members!B12="","",REPT("█",ROUND(Members!G12*20,0))&REPT("░",20-ROUND(Members!G12*20,0))) | D20: =IF(Members!B12="","",Members!H12) | E20: =IF(Members!B12="","",Members!I12)
A21: =IF(Members!B13="","",Members!A13) | B21: =IF(Members!B13="","",Members!E13) | C21: =IF(Members!B13="","",REPT("█",ROUND(Members!G13*20,0))&REPT("░",20-ROUND(Members!G13*20,0))) | D21: =IF(Members!B13="","",Members!H13) | E21: =IF(Members!B13="","",Members!I13)
... A69: =IF(Members!B61="","",Members!A61) | B69: =IF(Members!B61="","",Members!E61) | C69: =IF(Members!B61="","",REPT("█",ROUND(Members!G61*20,0))&REPT("░",20-ROUND(Members!G61*20,0))) | D69: =IF(Members!B61="","",Members!H61) | E69: =IF(Members!B61="","",Members!I61)

Sheet Settings
A1: Settings
A2: Only sessions between these dates count.
A4: Semester | B4: Fall 2026
A5: Starts | B5: 46251
A6: Ends | B6: 46374
A7: Hours each member needs | B7: 9
A8: What has to be in every photo | B8: the object specified by a lead

Sheet Members
A1: Name | B1: Email | C1: Grade | D1: Signed up | E1: Approved hours | F1: Waiting on review | G1: Progress | H1: Status | I1: Hours to go
A2: Alex Kim | B2: alex@example.com | C2: 11 | D2: 46254 | E2: =IF($B2="","",SUMIFS(Sessions!$I:$I,Sessions!$B:$B,$B2,Sessions!$A:$A,">="&SemesterStart,Sessions!$A:$A,"<="&SemesterEnd)) | F2: =IF($B2="","",SUMIFS(Sessions!$F:$F,Sessions!$B:$B,$B2,Sessions!$G:$G,"Waiting",Sessions!$A:$A,">="&SemesterStart,Sessions!$A:$A,"<="&SemesterEnd)) | G2: =IF($B2="","",MIN(1,E2/RequiredHours)) | H2: =IF($B2="","",IF(E2>=RequiredHours,"Done","In progress")) | I2: =IF($B2="","",MAX(0,RequiredHours-E2))
A3: Jordan Patel | B3: jordan@example.com | C3: 10 | D3: 46254 | E3: =IF($B3="","",SUMIFS(Sessions!$I:$I,Sessions!$B:$B,$B3,Sessions!$A:$A,">="&SemesterStart,Sessions!$A:$A,"<="&SemesterEnd)) | F3: =IF($B3="","",SUMIFS(Sessions!$F:$F,Sessions!$B:$B,$B3,Sessions!$G:$G,"Waiting",Sessions!$A:$A,">="&SemesterStart,Sessions!$A:$A,"<="&SemesterEnd)) | G3: =IF($B3="","",MIN(1,E3/RequiredHours)) | H3: =IF($B3="","",IF(E3>=RequiredHours,"Done","In progress")) | I3: =IF($B3="","",MAX(0,RequiredHours-E3))
A4: Sam Rivera | B4: sam@example.com | C4: 12 | D4: 46254 | E4: =IF($B4="","",SUMIFS(Sessions!$I:$I,Sessions!$B:$B,$B4,Sessions!$A:$A,">="&SemesterStart,Sessions!$A:$A,"<="&SemesterEnd)) | F4: =IF($B4="","",SUMIFS(Sessions!$F:$F,Sessions!$B:$B,$B4,Sessions!$G:$G,"Waiting",Sessions!$A:$A,">="&SemesterStart,Sessions!$A:$A,"<="&SemesterEnd)) | G4: =IF($B4="","",MIN(1,E4/RequiredHours)) | H4: =IF($B4="","",IF(E4>=RequiredHours,"Done","In progress")) | I4: =IF($B4="","",MAX(0,RequiredHours-E4))
E5: =IF($B5="","",SUMIFS(Sessions!$I:$I,Sessions!$B:$B,$B5,Sessions!$A:$A,">="&SemesterStart,Sessions!$A:$A,"<="&SemesterEnd)) | F5: =IF($B5="","",SUMIFS(Sessions!$F:$F,Sessions!$B:$B,$B5,Sessions!$G:$G,"Waiting",Sessions!$A:$A,">="&SemesterStart,Sessions!$A:$A,"<="&SemesterEnd)) | G5: =IF($B5="","",MIN(1,E5/RequiredHours)) | H5: =IF($B5="","",IF(E5>=RequiredHours,"Done","In progress")) | I5: =IF($B5="","",MAX(0,RequiredHours-E5))
E6: =IF($B6="","",SUMIFS(Sessions!$I:$I,Sessions!$B:$B,$B6,Sessions!$A:$A,">="&SemesterStart,Sessions!$A:$A,"<="&SemesterEnd)) | F6: =IF($B6="","",SUMIFS(Sessions!$F:$F,Sessions!$B:$B,$B6,Sessions!$G:$G,"Waiting",Sessions!$A:$A,">="&SemesterStart,Sessions!$A:$A,"<="&SemesterEnd)) | G6: =IF($B6="","",MIN(1,E6/RequiredHours)) | H6: =IF($B6="","",IF(E6>=RequiredHours,"Done","In progress")) | I6: =IF($B6="","",MAX(0,RequiredHours-E6))
E7: =IF($B7="","",SUMIFS(Sessions!$I:$I,Sessions!$B:$B,$B7,Sessions!$A:$A,">="&SemesterStart,Sessions!$A:$A,"<="&SemesterEnd)) | F7: =IF($B7="","",SUMIFS(Sessions!$F:$F,Sessions!$B:$B,$B7,Sessions!$G:$G,"Waiting",Sessions!$A:$A,">="&SemesterStart,Sessions!$A:$A,"<="&SemesterEnd)) | G7: =IF($B7="","",MIN(1,E7/RequiredHours)) | H7: =IF($B7="","",IF(E7>=RequiredHours,"Done","In progress")) | I7: =IF($B7="","",MAX(0,RequiredHours-E7))
E8: =IF($B8="","",SUMIFS(Sessions!$I:$I,Sessions!$B:$B,$B8,Sessions!$A:$A,">="&SemesterStart,Sessions!$A:$A,"<="&SemesterEnd)) | F8: =IF($B8="","",SUMIFS(Sessions!$F:$F,Sessions!$B:$B,$B8,Sessions!$G:$G,"Waiting",Sessions!$A:$A,">="&SemesterStart,Sessions!$A:$A,"<="&SemesterEnd)) | G8: =IF($B8="","",MIN(1,E8/RequiredHours)) | H8: =IF($B8="","",IF(E8>=RequiredHours,"Done","In progress")) | I8: =IF($B8="","",MAX(0,RequiredHours-E8))
E9: =IF($B9="","",SUMIFS(Sessions!$I:$I,Sessions!$B:$B,$B9,Sessions!$A:$A,">="&SemesterStart,Sessions!$A:$A,"<="&SemesterEnd)) | F9: =IF($B9="","",SUMIFS(Sessions!$F:$F,Sessions!$B:$B,$B9,Sessions!$G:$G,"Waiting",Sessions!$A:$A,">="&SemesterStart,Sessions!$A:$A,"<="&SemesterEnd)) | G9: =IF($B9="","",MIN(1,E9/RequiredHours)) | H9: =IF($B9="","",IF(E9>=RequiredHours,"Done","In progress")) | I9: =IF($B9="","",MAX(0,RequiredHours-E9))
E10: =IF($B10="","",SUMIFS(Sessions!$I:$I,Sessions!$B:$B,$B10,Sessions!$A:$A,">="&SemesterStart,Sessions!$A:$A,"<="&SemesterEnd)) | F10: =IF($B10="","",SUMIFS(Sessions!$F:$F,Sessions!$B:$B,$B10,Sessions!$G:$G,"Waiting",Sessions!$A:$A,">="&SemesterStart,Sessions!$A:$A,"<="&SemesterEnd)) | G10: =IF($B10="","",MIN(1,E10/RequiredHours)) | H10: =IF($B10="","",IF(E10>=RequiredHours,"Done","In progress")) | I10: =IF($B10="","",MAX(0,RequiredHours-E10))
E11: =IF($B11="","",SUMIFS(Sessions!$I:$I,Sessions!$B:$B,$B11,Sessions!$A:$A,">="&SemesterStart,Sessions!$A:$A,"<="&SemesterEnd)) | F11: =IF($B11="","",SUMIFS(Sessions!$F:$F,Sessions!$B:$B,$B11,Sessions!$G:$G,"Waiting",Sessions!$A:$A,">="&SemesterStart,Sessions!$A:$A,"<="&SemesterEnd)) | G11: =IF($B11="","",MIN(1,E11/RequiredHours)) | H11: =IF($B11="","",IF(E11>=RequiredHours,"Done","In progress")) | I11: =IF($B11="","",MAX(0,RequiredHours-E11))
E12: =IF($B12="","",SUMIFS(Sessions!$I:$I,Sessions!$B:$B,$B12,Sessions!$A:$A,">="&SemesterStart,Sessions!$A:$A,"<="&SemesterEnd)) | F12: =IF($B12="","",SUMIFS(Sessions!$F:$F,Sessions!$B:$B,$B12,Sessions!$G:$G,"Waiting",Sessions!$A:$A,">="&SemesterStart,Sessions!$A:$A,"<="&SemesterEnd)) | G12: =IF($B12="","",MIN(1,E12/RequiredHours)) | H12: =IF($B12="","",IF(E12>=RequiredHours,"Done","In progress")) | I12: =IF($B12="","",MAX(0,RequiredHours-E12))
E13: =IF($B13="","",SUMIFS(Sessions!$I:$I,Sessions!$B:$B,$B13,Sessions!$A:$A,">="&SemesterStart,Sessions!$A:$A,"<="&SemesterEnd)) | F13: =IF($B13="","",SUMIFS(Sessions!$F:$F,Sessions!$B:$B,$B13,Sessions!$G:$G,"Waiting",Sessions!$A:$A,">="&SemesterStart,Sessions!$A:$A,"<="&SemesterEnd)) | G13: =IF($B13="","",MIN(1,E13/RequiredHours)) | H13: =IF($B13="","",IF(E13>=RequiredHours,"Done","In progress")) | I13: =IF($B13="","",MAX(0,RequiredHours-E13))
E14: =IF($B14="","",SUMIFS(Sessions!$I:$I,Sessions!$B:$B,$B14,Sessions!$A:$A,">="&SemesterStart,Sessions!$A:$A,"<="&SemesterEnd)) | F14: =IF($B14="","",SUMIFS(Sessions!$F:$F,Sessions!$B:$B,$B14,Sessions!$G:$G,"Waiting",Sessions!$A:$A,">="&SemesterStart,Sessions!$A:$A,"<="&SemesterEnd)) | G14: =IF($B14="","",MIN(1,E14/RequiredHours)) | H14: =IF($B14="","",IF(E14>=RequiredHours,"Done","In progress")) | I14: =IF($B14="","",MAX(0,RequiredHours-E14))
E15: =IF($B15="","",SUMIFS(Sessions!$I:$I,Sessions!$B:$B,$B15,Sessions!$A:$A,">="&SemesterStart,Sessions!$A:$A,"<="&SemesterEnd)) | F15: =IF($B15="","",SUMIFS(Sessions!$F:$F,Sessions!$B:$B,$B15,Sessions!$G:$G,"Waiting",Sessions!$A:$A,">="&SemesterStart,Sessions!$A:$A,"<="&SemesterEnd)) | G15: =IF($B15="","",MIN(1,E15/RequiredHours)) | H15: =IF($B15="","",IF(E15>=RequiredHours,"Done","In progress")) | I15: =IF($B15="","",MAX(0,RequiredHours-E15))
E16: =IF($B16="","",SUMIFS(Sessions!$I:$I,Sessions!$B:$B,$B16,Sessions!$A:$A,">="&SemesterStart,Sessions!$A:$A,"<="&SemesterEnd)) | F16: =IF($B16="","",SUMIFS(Sessions!$F:$F,Sessions!$B:$B,$B16,Sessions!$G:$G,"Waiting",Sessions!$A:$A,">="&SemesterStart,Sessions!$A:$A,"<="&SemesterEnd)) | G16: =IF($B16="","",MIN(1,E16/RequiredHours)) | H16: =IF($B16="","",IF(E16>=RequiredHours,"Done","In progress")) | I16: =IF($B16="","",MAX(0,RequiredHours-E16))
... E301: =IF($B301="","",SUMIFS(Sessions!$I:$I,Sessions!$B:$B,$B301,Sessions!$A:$A,">="&SemesterStart,Sessions!$A:$A,"<="&SemesterEnd)) | F301: =IF($B301="","",SUMIFS(Sessions!$F:$F,Sessions!$B:$B,$B301,Sessions!$G:$G,"Waiting",Sessions!$A:$A,">="&SemesterStart,Sessions!$A:$A,"<="&SemesterEnd)) | G301: =IF($B301="","",MIN(1,E301/RequiredHours)) | H301: =IF($B301="","",IF(E301>=RequiredHours,"Done","In progress")) | I301: =IF($B301="","",MAX(0,RequiredHours-E301))

Sheet Sessions
A1: Date | B1: Member email | C1: Event | D1: Clock in | E1: Clock out | F1: Hours on clock | G1: Status | H1: Approved hours | I1: Counted hours | J1: Lead note | K1: Clock-in photo | L1: Clock-out photo
A2: 46268 | B2: alex@example.com | C2: Library STEM night | D2: 0.70972222 | E2: 0.81597222 | F2: =IF(OR($D2="",$E2=""),"",ROUND(MOD($E2-$D2,1)*24,2)) | G2: Approved | H2: 2.5 | I2: =IF($G2="Approved",IF($H2="",IF($F2="",0,$F2),$H2),0)
A3: 46275 | B3: alex@example.com | C3: Elementary school robot demo | D3: 0.58194444 | E3: 0.66736111 | F3: =IF(OR($D3="",$E3=""),"",ROUND(MOD($E3-$D3,1)*24,2)) | G3: Approved | I3: =IF($G3="Approved",IF($H3="",IF($F3="",0,$F3),$H3),0)
A4: 46279 | B4: alex@example.com | C4: Farmers market booth | D4: 0.37777778 | E4: 0.48611111 | F4: =IF(OR($D4="",$E4=""),"",ROUND(MOD($E4-$D4,1)*24,2)) | G4: Waiting | I4: =IF($G4="Approved",IF($H4="",IF($F4="",0,$F4),$H4),0)
A5: 46279 | B5: sam@example.com | C5: Farmers market booth | D5: 0.39583333 | E5: 0.40347222 | F5: =IF(OR($D5="",$E5=""),"",ROUND(MOD($E5-$D5,1)*24,2)) | G5: Sent back | I5: =IF($G5="Approved",IF($H5="",IF($F5="",0,$F5),$H5),0) | J5: Photos are 11 minutes apart. Log the full shift next time.
F6: =IF(OR($D6="",$E6=""),"",ROUND(MOD($E6-$D6,1)*24,2)) | I6: =IF($G6="Approved",IF($H6="",IF($F6="",0,$F6),$H6),0)
F7: =IF(OR($D7="",$E7=""),"",ROUND(MOD($E7-$D7,1)*24,2)) | I7: =IF($G7="Approved",IF($H7="",IF($F7="",0,$F7),$H7),0)
F8: =IF(OR($D8="",$E8=""),"",ROUND(MOD($E8-$D8,1)*24,2)) | I8: =IF($G8="Approved",IF($H8="",IF($F8="",0,$F8),$H8),0)
F9: =IF(OR($D9="",$E9=""),"",ROUND(MOD($E9-$D9,1)*24,2)) | I9: =IF($G9="Approved",IF($H9="",IF($F9="",0,$F9),$H9),0)
F10: =IF(OR($D10="",$E10=""),"",ROUND(MOD($E10-$D10,1)*24,2)) | I10: =IF($G10="Approved",IF($H10="",IF($F10="",0,$F10),$H10),0)
F11: =IF(OR($D11="",$E11=""),"",ROUND(MOD($E11-$D11,1)*24,2)) | I11: =IF($G11="Approved",IF($H11="",IF($F11="",0,$F11),$H11),0)
F12: =IF(OR($D12="",$E12=""),"",ROUND(MOD($E12-$D12,1)*24,2)) | I12: =IF($G12="Approved",IF($H12="",IF($F12="",0,$F12),$H12),0)
F13: =IF(OR($D13="",$E13=""),"",ROUND(MOD($E13-$D13,1)*24,2)) | I13: =IF($G13="Approved",IF($H13="",IF($F13="",0,$F13),$H13),0)
F14: =IF(OR($D14="",$E14=""),"",ROUND(MOD($E14-$D14,1)*24,2)) | I14: =IF($G14="Approved",IF($H14="",IF($F14="",0,$F14),$H14),0)
F15: =IF(OR($D15="",$E15=""),"",ROUND(MOD($E15-$D15,1)*24,2)) | I15: =IF($G15="Approved",IF($H15="",IF($F15="",0,$F15),$H15),0)
F16: =IF(OR($D16="",$E16=""),"",ROUND(MOD($E16-$D16,1)*24,2)) | I16: =IF($G16="Approved",IF($H16="",IF($F16="",0,$F16),$H16),0)
F17: =IF(OR($D17="",$E17=""),"",ROUND(MOD($E17-$D17,1)*24,2)) | I17: =IF($G17="Approved",IF($H17="",IF($F17="",0,$F17),$H17),0)
... F1001: =IF(OR($D1001="",$E1001=""),"",ROUND(MOD($E1001-$D1001,1)*24,2)) | I1001: =IF($G1001="Approved",IF($H1001="",IF($F1001="",0,$F1001),$H1001),0)

Sheet Sign up
A1: Sign up
A2: Fill in the three boxes, then run the Outreach tracker script (or the RunForms macro). Your row moves to Members and this clears.
A4: Name
A5: Email
A6: Grade
A8: ="Every member needs "&RequiredHours&" approved hours in "&SemesterName&"."

Sheet Log hours
A1: Log hours
A2: One shift at a time. Fill it in, run the script (or RunForms macro), and it lands on Sessions as Waiting.
A4: Your email
A5: Date
A6: Event
A7: Clock in
A8: Clock out
A9: Clock-in photo link
A10: Clock-out photo link
A12: ="Both photos need to show "&PhotoObject&"."
A13: Type times like 3:42 PM. Paste photo links from the app, Drive or Photos.
